id,username,email,password,role,created_at
1,admin,admin@example.com,admin123,admin,2024-06-07 16:48:49
2,user1,user1@example.com,user123,user,2024-06-07 16:48:49
3,user2,user2@example.com,user123,user,2024-06-07 16:48:49
4,user3,user3@example.com,user123,user,2024-06-07 16:48:49
5,user4,user4@example.com,user123,user,2024-06-07 16:48:49
6,user5,user5@example.com,user123,user,2024-06-07 16:48:49
7,user6,user6@example.com,user123,user,2024-06-07 16:48:49
8,user7,user7@example.com,user123,user,2024-06-07 16:48:49
9,user8,user8@example.com,user123,user,2024-06-07 16:48:49
10,user9,user9@example.com,user123,user,2024-06-07 16:48:49
11,user10,user10@example.com,user123,user,2024-06-07 16:48:49
12,user11,user11@example.com,user123,user,2024-06-07 16:48:49
13,user12,user12@example.com,user123,user,2024-06-07 16:48:49
14,user13,user13@example.com,user123,user,2024-06-07 16:48:49
15,user14,user14@example.com,user123,user,2024-06-07 16:48:49
16,user15,user15@example.com,user123,user,2024-06-07 16:48:49
17,user16,user16@example.com,user123,user,2024-06-07 16:48:49
18,user17,user17@example.com,user123,user,2024-06-07 16:48:49
19,user18,user18@example.com,user123,user,2024-06-07 16:48:49
20,user19,user19@example.com,user123,user,2024-06-07 16:48:49
21,user20,user20@example.com,user123,user,2024-06-07 16:48:49
22,user21,user21@example.com,user123,user,2024-06-07 16:48:49
23,user22,user22@example.com,user123,user,2024-06-07 16:48:49
24,user23,user23@example.com,user123,user,2024-06-07 16:48:49
25,user24,user24@example.com,user123,user,2024-06-07 16:48:49
26,user25,user25@example.com,user123,user,2024-06-07 16:48:49
27,user26,user26@example.com,user123,user,2024-06-07 16:48:49
28,user27,user27@example.com,user123,user,2024-06-07 16:48:49
29,user28,user28@example.com,user123,user,2024-06-07 16:48:49
30,user29,user29@example.com,user123,user,2024-06-07 16:48:49
31,user30,user30@example.com,user123,user,2024-06-07 16:48:49
32,user31,user31@example.com,user123,user,2024-06-07 16:48:49
33,user32,user32@example.com,user123,user,2024-06-07 16:48:49
34,user33,user33@example.com,user123,user,2024-06-07 16:48:49
35,user34,user34@example.com,user123,user,2024-06-07 16:48:49
36,user35,user35@example.com,user123,user,2024-06-07 16:48:49
37,user36,user36@example.com,user123,user,2024-06-07 16:48:49
38,user37,user37@example.com,user123,user,2024-06-07 16:48:49
39,user38,user38@example.com,user123,user,2024-06-07 16:48:49
40,user39,user39@example.com,user123,user,2024-06-07 16:48:49
41,user40,user40@example.com,user123,user,2024-06-07 16:48:49
42,user41,user41@example.com,user123,user,2024-06-07 16:48:49
43,user42,user42@example.com,user123,user,2024-06-07 16:48:49
44,user43,user43@example.com,user123,user,2024-06-07 16:48:49
45,user44,user44@example.com,user123,user,2024-06-07 16:48:49
46,user45,user45@example.com,user123,user,2024-06-07 16:48:49
47,user46,user46@example.com,user123,user,2024-06-07 16:48:49
48,user47,user47@example.com,user123,user,2024-06-07 16:48:49
49,user48,user48@example.com,user123,user,2024-06-07 16:48:49
50,user49,user49@example.com,user123,user,2024-06-07 16:48:49